ID,Тип,Артикул,"GTIN, UPC, EAN или ISBN",Имя,Опубликован,Рекомендуемый?,Видимость в каталоге,Краткое описание,Описание,Дата начала действия скидки,Дата окончания действия скидки,Статус налога,Налоговый класс,Наличие,Запасы,Величина малых запасов,Возможен ли предзаказ?,Продано индивидуально?,Вес (кг),Длина (см),Ширина (см),Высота (см),Разрешить отзывы от клиентов?,Примечание к покупке,Акционная цена,Базовая цена,Категории,Метки,Класс доставки,Изображения,Лимит скачивания,Дней срока скачивания,Родительский,Сгруппированные товары,Апсэлы,Кросселы,Внешний URL,Текст кнопки,Позиция,Бренды,Мета: _eael_post_view_count,Название атрибута 1,Значения атрибутов 1,Видимость атрибута 1,Глобальный атрибут 1,Мета: _uwp_source_url,Мета: _uwp_content_hash
,simple,,,AQUASOFT Flow,1,0,visible,<ul><li>3 ступеней очистки</li><li>Насос: нет</li><li>Гарантия 2 года</li></ul>,,,,taxable,,1,,,0,0,,,,,1,,35000,52500,,,,https://habarovsk.vagner-ural.ru/media/product/2025/04/23/1u07bx3vafalfjhfi2bzpdchpm7qkzmp.jpg,,,,,,,,,0,,,,,,,https://habarovsk.vagner-ural.ru/product/aquasoft-flow/,b7ed48290e75e6de2f27eb2132a64362
,simple,,,AQUASOFT Basic-5,1,0,visible,<ul><li>5 ступеней очистки</li><li>Насос: нет</li><li>Гарантия 2 года</li></ul>,,,,taxable,,1,,,0,0,,,,,1,,56990,85485,,,,https://habarovsk.vagner-ural.ru/media/product/2024/05/01/1_n7sAyL3.jpg,,,,,,,,,0,,,,,,,https://habarovsk.vagner-ural.ru/product/filtr-aquila-np-5-bez-nasosa/,3352811cb897a86f592547de45b4c42a
,simple,,,Aквафор DWM-101S,1,0,visible,<ul><li>4 ступеней очистки</li><li>Насос: нет</li><li>Гарантия 2 года</li></ul>,,,,taxable,,1,,,0,0,,,,,1,,107000,160500,,,,https://habarovsk.vagner-ural.ru/media/product/2025/08/03/1.png,,,,,,,,,0,,,,,,,https://habarovsk.vagner-ural.ru/product/akvafor-dwm-101s/,d7fd0266d08f87f5eb9134a7ab5eeaa6
,simple,,,Аквафор DWM-102S,1,0,visible,<ul><li>4 ступеней очистки</li><li>Насос: нет</li><li>Гарантия 2 года</li></ul>,,,,taxable,,1,,,0,0,,,,,1,,133000,199500,,,,https://habarovsk.vagner-ural.ru/media/product/2025/08/03/1_7jSxN3E.png,,,,,,,,,0,,,,,,,https://habarovsk.vagner-ural.ru/product/akvafor-dwm-102s-pro/,a48e59d022406ed154150652e42b2f82
,simple,,,Hubert без помпы,1,0,visible,<ul><li>5 ступеней очистки</li><li>Насос: нет</li><li>Гарантия 2 года</li></ul>,,,,taxable,,1,,,0,0,,,,,1,,68300,102450,,,,https://habarovsk.vagner-ural.ru/media/product/2024/04/16/fe-105kz.jpg,,,,,,,,,0,,,,,,,https://habarovsk.vagner-ural.ru/product/hubert-bez-pompy/,e6e474e722f3868141751e730ab393d9
,simple,,,AQUASOFT Classic-5,1,0,visible,<ul><li>5 ступеней очистки</li><li>Насос: да</li><li>Гарантия 2 года</li></ul>,,,,taxable,,1,,,0,0,,,,,1,,67990,101985,,,,https://habarovsk.vagner-ural.ru/media/product/2024/04/29/classic-5.webp,,,,,,,,,0,,,,,,,https://habarovsk.vagner-ural.ru/product/filtr-aquila-wp-5/,ec5deb69a9020a8490a2af9436ffd02e
,simple,,,AQUASOFT Classic-6,1,0,visible,<ul><li>6 ступеней очистки</li><li>Насос: Да</li><li>Гарантия 2 года</li></ul>,,,,taxable,,1,,,0,0,,,,,1,,73990,110985,,,,https://habarovsk.vagner-ural.ru/media/product/2024/04/30/1.jpg,,,,,,,,,0,,,,,,,https://habarovsk.vagner-ural.ru/product/aquila-classic-6/,de9af6b32832e9052cc5d4fdbb170983
,simple,,,Hubert с помпой,1,0,visible,<ul><li>5 ступеней очистки</li><li>Насос: да</li><li>Гарантия 2 года</li></ul>,,,,taxable,,1,,,0,0,,,,,1,,78400,117600,,,,https://habarovsk.vagner-ural.ru/media/product/2024/04/16/hubert_pump.jpeg,,,,,,,,,0,,,,,,,https://habarovsk.vagner-ural.ru/product/hubert-fe-105-s-pompoj/,e795579ce44c3bb8824597e77852e8fe
,simple,,,AQUASOFT Classic-7,1,0,visible,<ul><li>7 ступеней очистки</li><li>Насос: да</li><li>Гарантия 2 года</li></ul>,,,,taxable,,1,,,0,0,,,,,1,,79990,119985,,,,https://habarovsk.vagner-ural.ru/media/product/2024/04/30/1_nMpotWH.jpg,,,,,,,,,0,,,,,,,https://habarovsk.vagner-ural.ru/product/aquasoft-classic-7/,64b8c12677c2bf5804d4089772b14bdf
,simple,,,Hubert 7ст (с помпой),1,0,visible,<ul><li>7 ступеней очистки</li><li>Насос: да</li><li>Гарантия 2 года</li></ul>,,,,taxable,,1,,,0,0,,,,,1,,85000,127500,,,,https://habarovsk.vagner-ural.ru/media/product/2025/11/23/69402836992030.jpg,,,,,,,,,0,,,,,,,https://habarovsk.vagner-ural.ru/product/hubert-7st-s-pompoj/,309f852690df83a309df2f86f4474a33
,simple,,,AQUASOFT Pure 8,1,0,visible,<ul><li>8 ступеней очистки</li><li>Насос: да</li><li>Гарантия 2 года</li></ul>,,,,taxable,,1,,,0,0,,,,,1,,99990,149985,,,,https://habarovsk.vagner-ural.ru/media/product/2024/04/30/1_cn7IEhS.jpg,,,,,,,,,0,,,,,,,https://habarovsk.vagner-ural.ru/product/aquasoft-classic-8/,3615d63fd26019bf4f0d8c5beb9b3edb
,simple,,,AQUASOFT BlueTech,1,0,visible,<ul><li>6 ступеней очистки</li><li>Насос: да</li><li>Гарантия 2 года</li></ul>,,,,taxable,,1,,,0,0,,,,,1,,110000,165000,,,,https://habarovsk.vagner-ural.ru/media/product/2026/07/14/146405159.jpg,,,,,,,,,0,,,,,,,https://habarovsk.vagner-ural.ru/product/aquasoft-bluetech/,fbc16d740e3017d0df851af8d8c55f2b
,simple,,,AQUASOFT Box,1,0,visible,<ul><li>5 ступеней очистки</li><li>Насос: да</li><li>Гарантия 2 года</li></ul>,,,,taxable,,1,,,0,0,,,,,1,,98990,148485,,,,https://habarovsk.vagner-ural.ru/media/product/2023/05/30/box-1.webp,,,,,,,,,0,,,,,,,https://habarovsk.vagner-ural.ru/product/aquila-box/,ae0a2349b8ebebc44797c69c1115b422
,simple,,,AQUASOFT MAX Black,1,0,visible,<ul><li>6 ступеней очистки</li><li>Насос: да</li><li>Гарантия 2 года</li></ul>,,,,taxable,,1,,,0,0,,,,,1,,117990,176985,,,,https://habarovsk.vagner-ural.ru/media/product/2023/01/26/577A6797-min.webp,,,,,,,,,0,,,,,,,https://habarovsk.vagner-ural.ru/product/filtr-aquila-wpb-6/,bb364c0b3a4cf888947c34656ad81653
,simple,,,Ecosoft без помпы,1,0,visible,<ul><li>5 ступеней очистки</li><li>Насос: да</li><li>Гарантия 2 года</li></ul>,,,,taxable,,1,,,0,0,,,,,1,,115000,172500,,,,https://habarovsk.vagner-ural.ru/media/product/2025/11/25/ecosoft-1_M63xb68.webp,,,,,,,,,0,,,,,,,https://habarovsk.vagner-ural.ru/product/ecosoft-bez-pompy/,125000876d4f92df722e21afe5f5a3e4
,simple,,,AQUASOFT Alkaline,1,0,visible,<ul><li>6 ступеней очистки</li><li>Насос: да</li><li>Гарантия 2 года</li></ul>,,,,taxable,,1,,,0,0,,,,,1,,129000,193500,,,,https://habarovsk.vagner-ural.ru/media/product/2025/04/29/H168d84c156574fdbba7e6ba87f35d4ccO.webp,,,,,,,,,0,,,,,,,https://habarovsk.vagner-ural.ru/product/aquasoft-alkaline/,84aeeafa30f64cf002b095c22bf8c2ed
,simple,,,AQUASOFT Ravent,1,0,visible,<ul><li>6 ступеней очистки</li><li>Насос: да</li><li>Гарантия 2 года</li></ul>,,,,taxable,,1,,,0,0,,,,,1,,170000,255000,,,,https://habarovsk.vagner-ural.ru/media/product/2024/05/01/1_Z1k4B3H.jpg,,,,,,,,,0,,,,,,,https://habarovsk.vagner-ural.ru/product/aquasoft-ravent/,9978e0d8f8176171b94cd35556cb9c99
,simple,,,Ecosoft с помпой,1,0,visible,<ul><li>5 ступеней очистки</li><li>Насос: да</li><li>Гарантия 2 года</li></ul>,,,,taxable,,1,,,0,0,,,,,1,,145000,217500,,,,https://habarovsk.vagner-ural.ru/media/product/2025/11/25/ecosoft-1.webp,,,,,,,,,0,,,,,,,https://habarovsk.vagner-ural.ru/product/ecosoft-s-pompoj/,a0a764d1afdd608fef5767b65fb02502
,simple,,,AQUASOFT Ultimate,1,0,visible,<ul><li>5 ступеней очистки</li><li>Насос: да</li><li>Гарантия 2 года</li></ul>,,,,taxable,,1,,,0,0,,,,,1,,148990,223485,,,,https://habarovsk.vagner-ural.ru/media/product/2023/05/13/imgonline-com-ua-Resize-4ueJ7vbI5EWr.webp,,,,,,,,,0,,,,,,,https://habarovsk.vagner-ural.ru/product/filtr-aquila-wpw-5/,0776937a6dc6c5809e3f39271d2c151e
,simple,,,AQUASOFT Lux,1,0,visible,<ul><li>5 ступеней очистки</li><li>Насос: да</li><li>Гарантия 2 года</li></ul>,,,,taxable,,1,,,0,0,,,,,1,,178990,268485,,,,https://habarovsk.vagner-ural.ru/media/product/2023/02/09/lux-1.webp,,,,,,,,,0,,,,,,,https://habarovsk.vagner-ural.ru/product/aquila-lux/,d32f6e533b0d255c55ad9333cf6509b5
,simple,,,AQUASOFT Giza,1,0,visible,<ul><li>6 ступеней очистки</li><li>Насос: да</li><li>Гарантия 2 года</li></ul>,,,,taxable,,1,,,0,0,,,,,1,,180000,270000,,,,https://habarovsk.vagner-ural.ru/media/product/2024/05/01/1.jpg,,,,,,,,,0,,,,,,,https://habarovsk.vagner-ural.ru/product/aquila-giza/,806013a0a651a1e6acf09936a81af633
,simple,,,AQUASOFT Grey,1,0,visible,<ul><li>6 ступеней очистки</li><li>Насос: да</li><li>Гарантия 2 года</li></ul>,,,,taxable,,1,,,0,0,,,,,1,,198990,298485,,,,https://habarovsk.vagner-ural.ru/media/product/2024/05/01/1_FrPcJIm.jpg,,,,,,,,,0,,,,,,,https://habarovsk.vagner-ural.ru/product/aquila-grey/,06f2a33e25c5ef02157795b36c010863
,simple,,,AQUASOFT Coway Pro,1,0,visible,<ul><li>5 ступеней очистки</li><li>Насос: да</li><li>Гарантия 2 года</li></ul>,,,,taxable,,1,,,0,0,,,,,1,,198990,298485,,,,https://habarovsk.vagner-ural.ru/media/product/2024/11/14/imgonline-com-ua-Resize-sp8v7rRmFRgbQgCP.jpg,,,,,,,,,0,,,,,,,https://habarovsk.vagner-ural.ru/product/aquasoft-coway-pro/,144edeb5356b5c870b91a3affefa658d
,simple,,,AQUASOFT Ultra,1,0,visible,<ul><li>6 ступеней очистки</li><li>Насос: да</li><li>Гарантия 2 года</li></ul>,,,,taxable,,1,,,0,0,,,,,1,,278990,418485,,,,https://habarovsk.vagner-ural.ru/media/product/2025/03/01/imgonline-com-ua-Resize-TJO3TZMmyO.webp,,,,,,,,,0,,,,,,,https://habarovsk.vagner-ural.ru/product/aquasoft-ultra/,4ca2a96998de16ae4f3c691b28bdb92c
,simple,,,AQUASOFT Liberty,1,0,visible,<ul><li>2 ступеней очистки</li><li>Насос: да</li><li>Гарантия 2 года</li></ul>,,,,taxable,,1,,,0,0,,,,,1,,390000,585000,,,,https://habarovsk.vagner-ural.ru/media/product/2025/11/23/%D0%9B%D0%B8%D0%B1%D0%B5%D1%80%D1%82%D0%B8.jpg,,,,,,,,,0,,,,,,,https://habarovsk.vagner-ural.ru/product/aquasoft-liberty/,fcb58315a0709a570972091f64ca31cc
,simple,,,AQUASOFT Semi,1,0,visible,<ul><li>5 ступеней очистки</li><li>Насос: да</li><li>Гарантия 2 года</li></ul>,,,,taxable,,1,,,0,0,,,,,1,,182990,274485,,,,https://habarovsk.vagner-ural.ru/media/product/2023/01/22/semi-0.jpg,,,,,,,,,0,,,,,,,https://habarovsk.vagner-ural.ru/product/polupromyshlennyj-aquila-semi-6/,5553c2a66de5a566d323594b8aae3dc6
,simple,,,AQUASOFT Semi-Pro,1,0,visible,<ul><li>5 ступеней очистки</li><li>Насос: да</li><li>Гарантия 2 года</li></ul>,,,,taxable,,1,,,0,0,,,,,1,,274990,412485,,,,https://habarovsk.vagner-ural.ru/media/product/2023/01/22/semi-pro-0.webp,,,,,,,,,0,,,,,,,https://habarovsk.vagner-ural.ru/product/kommercheskij-aquila-semi-pro/,53aac4558f74155feaba8da17a52518c
,simple,,,AQUASOFT Dispenser,1,0,visible,<ul><li>5 ступеней очистки</li><li>Насос: да</li><li>Гарантия 2 года</li></ul>,,,,taxable,,1,,,0,0,,,,,1,,311990,467985,,,,https://habarovsk.vagner-ural.ru/media/product/2023/01/22/242aff168f21d2c5c18c0be346d1c87d.webp,,,,,,,,,0,,,,,,,https://habarovsk.vagner-ural.ru/product/kommercheskij-aquila-dispenser/,2e4fce01cf0d0c029f4468ba5079d882
,simple,,,AQUASOFT Pro,1,0,visible,<ul><li>5 ступеней очистки</li><li>Насос: да</li><li>Гарантия 2 года</li></ul>,,,,taxable,,1,,,0,0,,,,,1,,421990,632985,,,,https://habarovsk.vagner-ural.ru/media/product/2023/01/22/Pro-1.webp,,,,,,,,,0,,,,,,,https://habarovsk.vagner-ural.ru/product/kommercheskij-aquila-pro/,2cb8a3de4eeab4608bd6259a49ed4b5e
,simple,,,AQUASOFT Flat,1,0,visible,,,,,taxable,,1,,,0,0,,,,,1,,102990,154485,,,,https://habarovsk.vagner-ural.ru/media/product/2023/06/06/flat-1.webp,,,,,,,,,0,,,,,,,https://habarovsk.vagner-ural.ru/product/aquila-flat/,dbb90b6a68da758c10a4601e01dfa9ce
,simple,,,AQUASOFT Complex,1,0,visible,,,,,taxable,,1,,,0,0,,,,,1,,330000,495000,,,,https://habarovsk.vagner-ural.ru/media/product/2023/06/06/complex-1.webp,,,,,,,,,0,,,,,,,https://habarovsk.vagner-ural.ru/product/aquila-complex/,1ec322b87f863fc343455df8ec14db32
,simple,,,Кран AQUASOFT,1,0,visible,,,,,taxable,,1,,,0,0,,,,,1,,14000,21000,,,,https://habarovsk.vagner-ural.ru/media/product/2023/06/07/6484620695.webp,,,,,,,,,0,,,,,,,https://habarovsk.vagner-ural.ru/product/kran-aquila/,7f337012b5c733b6f1cf16408c5cf9b2
,simple,,,Бак AQUASOFT-8,1,0,visible,,,,,taxable,,1,,,0,0,,,,,1,,15000,22500,,,,https://habarovsk.vagner-ural.ru/media/product/2022/12/12/577A6841-min_gNjwmR9.jpg,,,,,,,,,0,,,,,,,https://habarovsk.vagner-ural.ru/product/bak-aquila-8/,fbb76dca92caf8ee2ec0c6f6ba15b3ea
,simple,,,Бак AQUASOFT-12,1,0,visible,,,,,taxable,,1,,,0,0,,,,,1,,18000,27000,,,,https://habarovsk.vagner-ural.ru/media/product/2022/12/12/577A6843-min_gMTPogo.jpg,,,,,,,,,0,,,,,,,https://habarovsk.vagner-ural.ru/product/bak-aquila-12/,37b93f5f1674aeedcaab3c3b227a68e9
,simple,,,к-т стандарт (5шт),1,0,visible,<ul><li>5 картриджа в комплекте</li></ul>,,,,taxable,,1,,,0,0,,,,,1,,19000,28500,,,,https://habarovsk.vagner-ural.ru/media/product/2022/12/12/577A6771-min-min.jpg,,,,,,,,,0,,,,,,,https://habarovsk.vagner-ural.ru/product/nabor-kartridzhej-5-stupenej/,1c8f8363d0bca8a6935059cecede7fef
,simple,,,к-т стандарт (6шт),1,0,visible,<ul><li>6 картриджа в комплекте</li></ul>,,,,taxable,,1,,,0,0,,,,,1,,25000,37500,,,,https://habarovsk.vagner-ural.ru/media/product/2022/12/12/577A6765-min-min.jpg,,,,,,,,,0,,,,,,,https://habarovsk.vagner-ural.ru/product/nabor-kartridzhej-6-stupenej/,7f30ee94323a574c1606afd211b0f7ec
,simple,,,к-т InLine (6шт),1,0,visible,<ul><li>6 картриджа в комплекте</li></ul>,,,,taxable,,1,,,0,0,,,,,1,,28500,42750,,,,https://habarovsk.vagner-ural.ru/media/product/2024/09/01/%D0%94%D0%B8%D0%B7%D0%B0%D0%B8%D0%BD_%D0%B1%D0%B5%D0%B7_%D0%BD%D0%B0%D0%B7%D0%B2%D0%B0%D0%BD%D0%B8%D1%8F_7.jpg,,,,,,,,,0,,,,,,,https://habarovsk.vagner-ural.ru/product/k-t-bystrosemnyh-6sht/,59230fa7da70bf87bd793f0a9147e085
,simple,,,к-т InLine (5шт),1,0,visible,<ul><li>5 картриджа в комплекте</li></ul>,,,,taxable,,1,,,0,0,,,,,1,,22500,33750,,,,https://habarovsk.vagner-ural.ru/media/product/2024/09/01/%D0%94%D0%B8%D0%B7%D0%B0%D0%B8%D0%BD_%D0%B1%D0%B5%D0%B7_%D0%BD%D0%B0%D0%B7%D0%B2%D0%B0%D0%BD%D0%B8%D1%8F_6.jpg,,,,,,,,,0,,,,,,,https://habarovsk.vagner-ural.ru/product/k-t-inline-5sht/,90e52411b156578c782fb367aee2986c
,simple,,,к-т InLine (3шт),1,0,visible,<ul><li>3 картриджа в комплекте</li></ul>,,,,taxable,,1,,,0,0,,,,,1,,10500,15750,,,,https://habarovsk.vagner-ural.ru/media/product/2024/09/01/85755819360286_DWKQsPe.jpg,,,,,,,,,0,,,,,,,https://habarovsk.vagner-ural.ru/product/k-t-inline-3sht/,15b310cd0d647d28224dc42a9920ddb4
,simple,,,к-т стандарт (3шт),1,0,visible,<ul><li>3 картриджа в комплекте</li></ul>,,,,taxable,,1,,,0,0,,,,,1,,7000,10500,,,,https://habarovsk.vagner-ural.ru/media/product/2024/09/01/qmx8hjjd3obt9ndxz0f1kgkom2ucn0bc.jpg,,,,,,,,,0,,,,,,,https://habarovsk.vagner-ural.ru/product/k-t-standart-3sht/,e3651acd6cd755a8f88f339b1061f45f
,simple,,,к-т PurePro RS (3шт),1,0,visible,<ul><li>3 картриджа в комплекте</li></ul>,,,,taxable,,1,,,0,0,,,,,1,,29000,43500,,,,https://habarovsk.vagner-ural.ru/media/product/2024/11/14/84095933677598_1.jpg,,,,,,,,,0,,,,,,,https://habarovsk.vagner-ural.ru/product/k-t-purepro-rs-3sht/,f76da47657c4fc8e15b2b48c03f95fc3
,simple,,,к-т PurePro RS (8шт),1,0,visible,<ul><li>8 картриджа в комплекте</li></ul>,,,,taxable,,1,,,0,0,,,,,1,,78000,117000,,,,https://habarovsk.vagner-ural.ru/media/product/2024/11/14/7543596.jpg,,,,,,,,,0,,,,,,,https://habarovsk.vagner-ural.ru/product/k-t-purepro-rs-8sht/,f01436fa779c027f20eb6c660d40922b
,simple,,,к-т Bluefilters (3шт),1,0,visible,<ul><li>3 картриджа в комплекте</li></ul>,,,,taxable,,1,,,0,0,,,,,1,,29000,43500,,,,https://habarovsk.vagner-ural.ru/media/product/2024/11/14/dinth8ee23sow8g4ksw40wk80ow4ow.jpeg,,,,,,,,,0,,,,,,,https://habarovsk.vagner-ural.ru/product/k-t-bluefilters-3sht/,a114954d0e28338999e534c5a0a8543b
,simple,,,к-т Bluefilters (8шт),1,0,visible,<ul><li>8 картриджа в комплекте</li></ul>,,,,taxable,,1,,,0,0,,,,,1,,60000,90000,,,,https://habarovsk.vagner-ural.ru/media/product/2024/11/14/imgonline-com-ua-Resize-PBY4z5ZxnXt20G.jpg,,,,,,,,,0,,,,,,,https://habarovsk.vagner-ural.ru/product/k-t-bluefilters-8sht/,4e731b508b853f0953845f18ab563212
,simple,,,к-т Aura Cebilon (3шт),1,0,visible,<ul><li>3 картриджа в комплекте</li></ul>,,,,taxable,,1,,,0,0,,,,,1,,29000,43500,,,,https://habarovsk.vagner-ural.ru/media/product/2024/11/14/imgonline-com-ua-Resize-5M6cv1e0xuilTl.jpg,,,,,,,,,0,,,,,,,https://habarovsk.vagner-ural.ru/product/k-t-aura-cebilon-3sht/,6565257d2edf35b3d1b4a59a7dfd0829
,simple,,,к-т Aura Cebilon (6шт),1,0,visible,<ul><li>6 картриджа в комплекте</li></ul>,,,,taxable,,1,,,0,0,,,,,1,,47000,70500,,,,https://habarovsk.vagner-ural.ru/media/product/2024/11/14/85529590693918.jpg,,,,,,,,,0,,,,,,,https://habarovsk.vagner-ural.ru/product/k-t-aura-cebilon-6sht/,ee68d09259d8da6eb4379e7f3271fe80
,simple,,,Картридж Liberty RO-400,1,0,visible,,,,,taxable,,1,,,0,0,,,,,1,,34000,51000,,,,https://habarovsk.vagner-ural.ru/media/product/2026/03/27/75885751.jpg,,,,,,,,,0,,,,,,,https://habarovsk.vagner-ural.ru/product/kartridzh-liberty-ro-400/,6cd310ee9da8d3a4dc0547898910bf5f
,simple,,,Картридж Liberty M,1,0,visible,,,,,taxable,,1,,,0,0,,,,,1,,23000,34500,,,,https://habarovsk.vagner-ural.ru/media/product/2026/03/27/75201992.jpg,,,,,,,,,0,,,,,,,https://habarovsk.vagner-ural.ru/product/kartridzh-liberty-m/,2d301fe73b78c6c09dab6b9deb0d2bd9
,simple,,,Картридж Liberty 2шт.,1,0,visible,,,,,taxable,,1,,,0,0,,,,,1,,55000,82500,,,,https://habarovsk.vagner-ural.ru/media/product/2026/03/27/75201778.jpg,,,,,,,,,0,,,,,,,https://habarovsk.vagner-ural.ru/product/kartridzh-liberty-2sht/,7089aa66153c8d467d98d281511347dc
,simple,,,Постфильтр Aquasoft T-33,1,0,visible,<ul><li>1 картриджа в комплекте</li></ul>,,,,taxable,,1,,,0,0,,,,,1,,5000,7500,,,,https://habarovsk.vagner-ural.ru/media/product/2026/06/17/photo_2026-06-17_09-18-55.jpg,,,,,,,,,0,,,,,,,https://habarovsk.vagner-ural.ru/product/postfiltr-aquasoft-t-33/,29aa8fa32ba44a4b550f8c2f4d92f91c
,simple,,,Минерализатор T-33-2,1,0,visible,,,,,taxable,,1,,,0,0,,,,,1,,6000,9000,,,,https://habarovsk.vagner-ural.ru/media/product/2024/09/22/Fluxtek_Mineralizator_Aktivator_Yellow-1.jpg,,,,,,,,,0,,,,,,,https://habarovsk.vagner-ural.ru/product/mineralizator-t-33-2/,9b3e5e5861a83afd0343e47ef3e5907d
,simple,,,UF Картридж,1,0,visible,,,,,taxable,,1,,,0,0,,,,,1,,7000,10500,,,,https://habarovsk.vagner-ural.ru/media/product/2024/09/22/04031.jpg,,,,,,,,,0,,,,,,,https://habarovsk.vagner-ural.ru/product/uf-kartridzh/,1549aa9f3f4d78396de5321704cc4358
,simple,,,Alkaline (щелочной),1,0,visible,,,,,taxable,,1,,,0,0,,,,,1,,7000,10500,,,,https://habarovsk.vagner-ural.ru/media/product/2024/09/22/6681820924.webp,,,,,,,,,0,,,,,,,https://habarovsk.vagner-ural.ru/product/alkaline-shelochnoj/,48aa4334933699b2f6598d2809e6c04b
,simple,,,к-т Аквафор Марион (К5-К2),1,0,visible,<ul><li>2 картриджа в комплекте</li></ul>,,,,taxable,,1,,,0,0,,,,,1,,17400,26100,,,,https://habarovsk.vagner-ural.ru/media/product/2025/08/14/1.png,,,,,,,,,0,,,,,,,https://habarovsk.vagner-ural.ru/product/k-t-marion-k5-k2/,bb2d0fd8d1ddb936634c706eb49bc574
,simple,,,к-т Марион (К5-К2-К7M),1,0,visible,<ul><li>3 картриджа в комплекте</li></ul>,,,,taxable,,1,,,0,0,,,,,1,,25000,37500,,,,https://habarovsk.vagner-ural.ru/media/product/2025/08/14/2.png,,,,,,,,,0,,,,,,,https://habarovsk.vagner-ural.ru/product/k-t-marion-k5-k2-k7m/,925afc0bca31708ac92683447c46980d
,simple,,,к-т Марион (К5-К2-KO50S),1,0,visible,<ul><li>3 картриджа в комплекте</li></ul>,,,,taxable,,1,,,0,0,,,,,1,,40000,60000,,,,https://habarovsk.vagner-ural.ru/media/product/2025/08/14/3.png,,,,,,,,,0,,,,,,,https://habarovsk.vagner-ural.ru/product/k-t-marion-k5-k2-ko50s/,7efce561cc357bac399380e3eeedb1e1
,simple,,,к-т Марион (К5-К2-KO50S-K7M),1,0,visible,<ul><li>4 картриджа в комплекте</li></ul>,,,,taxable,,1,,,0,0,,,,,1,,50300,75450,,,,https://habarovsk.vagner-ural.ru/media/product/2025/08/15/4.png,,,,,,,,,0,,,,,,,https://habarovsk.vagner-ural.ru/product/kt-marion-k5-k2-ko50s-k7m/,703ac94945d962610d7f26a0509ddc9c
